{"Filename":{"0":"M_3m_1.jpg","1":"M_15m_1.jpg","2":"D_7m_1.jpg","3":"D_15m_1.jpg","4":"D_4m_6.jpg","5":"D_7m_2.jpg","6":"D_3m_2.jpg","7":"M_7m_1.jpg","8":"M_15m_2.jpg","9":"M_4m_1.jpg","10":"M_7m_2.jpg","11":"D_4m_3.jpg","12":"D_4m_1.jpg","13":"D_4m_4.jpg","14":"D_3m_1.jpg","15":"M_4m_2.jpg","16":"D_4m_2.jpg"},"0":{"0":[2156.0354599319,2613.4173529148,0.462605536],"1":[1932.2160518467,1639.8513875008,0.9619002938],"2":[2258.6828434467,2106.6757670641,0.7551851273],"3":[2116.4034820199,1761.6642808914,0.9748204947],"4":[2167.8019244671,2500.0834512264,0.3107042313],"5":[2302.7065916061,2087.8696224689,0.8234122992],"6":[2252.3593552411,2460.2501321435,0.3730617762],"7":[1922.775713563,1892.6780564785,0.9082252979],"8":[1969.151137352,1587.1236493587,0.9642763138],"9":[1923.3655856848,1720.7596933842,0.4832682312],"10":[1816.1070234776,1754.2601971626,0.911801517],"11":[2192.6428999901,2278.2290427685,0.4456245303],"12":[1039.087082386,13.3351922035,0.3558837771],"13":[2104.1095402241,1944.4002363682,0.4792619944],"14":[114.1670155525,2885.5772032738,0.5086448193],"15":[2048.5265126228,1944.5487494469,0.3765588403],"16":[2405.791882515,1791.6473984718,0.502438426]},"1":{"0":[2588.002061828,1979.5694239736,0.630894959],"1":[1935.4759244919,1570.9284828901,0.935413301],"2":[2080.3635060787,1805.8805605173,0.8348451257],"3":[2122.4794076681,1699.5638745725,0.9159427881],"4":[1056.9007878304,120.3837544918,0.4001120925],"5":[2127.547106266,1800.2961375713,0.8402930498],"6":[2789.2649718523,1925.3814189434,0.3752350807],"7":[1926.7768032551,1763.212436378,0.8647545576],"8":[1971.6645758152,1518.1261014938,0.9315224886],"9":[1820.5013088584,1970.5610301495,0.4432553947],"10":[1824.0320181847,1625.8163838387,0.8912141323],"11":[3741.1712553501,2794.4450047016,0.4265516698],"12":[2855.3998522758,2070.6156635284,0.4885722995],"13":[1804.1743733585,1195.9993750084,0.747835815],"14":[2536.9339711666,456.8226196766,0.3931676745],"15":[1777.383949995,1288.948382616,0.7520782948],"16":[1888.4440798759,1692.2392089963,0.4979632199]},"2":{"0":[3451.7873271704,2353.3864965439,0.410846889],"1":[1940.4765733778,1496.7336876392,0.9214613438],"2":[2243.1312791109,1826.3122460842,0.5929576755],"3":[2129.4849431515,1632.5005197525,0.8903824687],"4":[2997.7182967663,899.8004531413,0.1487998366],"5":[2256.1002342701,1794.3577346802,0.537592411],"6":[2254.5657851696,2442.735427618,0.6843179464],"7":[1930.063798666,1603.2764152288,0.8049207926],"8":[1975.6761603355,1444.0597566552,0.8965052366],"9":[1606.448982954,1550.404761076,0.2348270714],"10":[1828.2255536467,1468.4723605216,0.6951090693],"11":[1505.6450231075,648.3691866398,0.3475123644],"12":[3490.0461084843,2020.4026687443,0.2659808397],"13":[2756.0262753237,1901.3647927046,0.1612463295],"14":[2036.0387414433,1142.8832886219,0.445179671],"15":[1910.0843384266,1514.371819973,0.4790435731],"16":[2177.4032020569,1650.6004719734,0.3244420886]},"3":{"0":[2104.3619618416,2609.9060103893,0.5968953371],"1":[1977.2678236961,1497.1584599018,0.9316585064],"2":[2294.227823019,1830.0439453125,0.6819460392],"3":[2167.1883103848,1631.9153442383,0.8818333149],"4":[3020.8735452294,898.1186412573,0.1385144889],"5":[3092.3540850878,883.3543294072,0.2261698544],"6":[2203.5626767278,2442.4766266346,0.7689846158],"7":[2010.2446177006,1603.4096909165,0.6795616746],"8":[2011.3691766262,1445.0407942533,0.9191160202],"9":[1578.1306331158,1549.9238363504,0.2142994106],"10":[1901.0174468756,1466.7476029396,0.6892616749],"11":[3707.4698101282,2722.0951851606,0.4592149854],"12":[2154.0222216845,1610.204107523,0.2894392014],"13":[2718.6129784584,1916.3881355226,0.2300770879],"14":[1935.5811982155,1279.9023058414,0.5236877799],"15":[2009.5383443832,1512.3469157219,0.2620983124],"16":[2218.9485849142,1642.9736896753,0.4061682224]},"4":{"0":[1888.8383891582,2282.5675222874,0.5975426435],"1":[1980.1680728197,1572.2173997164,0.9625445008],"2":[2275.0732881427,1985.9524652958,0.7925466299],"3":[2174.830395937,1699.4386236668,0.9472283125],"4":[1053.3341795206,117.7628139257,0.4942834377],"5":[2318.1050188541,1966.5378377438,0.8324357867],"6":[2455.979020834,1254.3834989071,0.5642484426],"7":[2018.9625389576,1766.302182436,0.8734582067],"8":[2014.0893547535,1519.7495245934,0.9617376328],"9":[1901.5340240002,1574.3899247646,0.4984457493],"10":[1913.1869704723,1626.4232389927,0.9189827442],"11":[3738.3344641924,2798.3596563339,0.6909298897],"12":[2855.9214367867,2072.9363548756,0.5053653717],"13":[1979.4465248585,1898.1722211838,0.392706275],"14":[1871.2252426147,2317.3684202433,0.5031017065],"15":[1775.4486575127,1290.0557405949,0.7363620996],"16":[2292.5729747415,1708.9811937809,0.6439603567]},"5":{"0":[1810.9553493261,2550.9287414551,0.6553609371],"1":[1983.2933676243,1640.1757884026,0.9430732727],"2":[2259.0903893113,2106.5737252235,0.5981726646],"3":[2175.1206874847,1760.6190443039,0.9644088745],"4":[2020.7100842595,2504.9862208366,0.559487462],"5":[2301.0041025877,2088.275301218,0.6327467561],"6":[2736.6800398827,2036.1757863611,0.3560274839],"7":[2027.3901985884,1900.531550467,0.5147943497],"8":[2019.0466662049,1590.6267330647,0.960187912],"9":[1921.7406148911,1717.1337020397,0.1833557487],"10":[1923.3618071079,1754.6335996389,0.7237556577],"11":[3777.9053096771,2845.3006784916,0.5803872943],"12":[2120.5059041977,2332.1120384708,0.6672050953],"13":[1986.5124554634,1975.6826515198,0.4552513361],"14":[1879.6647815704,1868.7292903066,0.4697427452],"15":[3774.8733515739,2370.5928108692,0.299205482],"16":[2058.5634557009,2361.4802474976,0.6915053725]},"6":{"0":[447.8810377121,125.6285886765,0.1535750329],"1":[1872.1546041965,1483.8141236305,0.9868292212],"2":[2225.2427415848,1809.4098904133,0.9367562532],"3":[2015.7534716129,1519.4756474495,0.9882307649],"4":[1831.7572100163,1493.3556761742,0.7125023603],"5":[2056.2392306328,1634.6827250719,0.0477956235],"6":[2209.9951090813,1038.8966078758,0.1424947977],"7":[1775.7407479286,1581.0610812902,0.4312453866],"8":[1931.6168167591,1282.3132834435,0.9806298018],"9":[3137.6738264561,288.1043686867,0.1344508231],"10":[1748.3453484774,1475.5411219299,0.9486628771],"11":[1491.4108076096,118.0115535259,0.3235037327],"12":[120.0244297981,318.522495985,0.0765665472],"13":[2480.2277891636,1175.0804719925,0.2068125904],"14":[2054.1203651428,1141.5039489269,0.4526204467],"15":[123.3353779316,578.9402598143,0.240963757],"16":[1697.4821970463,1820.0334994011,0.2900176644]},"7":{"0":[1823.3132123947,1258.8952689171,0.1975981891],"1":[1900.2791330814,1444.1430865228,0.9741331339],"2":[2176.1435494423,1733.8190871477,0.9601309299],"3":[2067.1355525255,1524.8360027075,0.9765484333],"4":[1790.8174521923,1547.4070289731,0.1454908848],"5":[2175.1961598396,1633.5668606758,0.7525857687],"6":[2219.5430806875,1053.6081671715,0.0724568069],"7":[1869.0378482342,1504.5189218521,0.9733060598],"8":[1934.0178778172,1323.9896930633,0.985775888],"9":[1534.2889034748,1495.193734169,0.3861810863],"10":[1762.9201515913,1379.5345459282,0.8970600367],"11":[203.5146354139,275.9053120688,0.279376626],"12":[1941.3554890156,1568.1356422901,0.0690855682],"13":[976.5436749458,150.1844198704,0.0825330615],"14":[2057.0355167389,1089.4860782623,0.2656697631],"15":[1943.8349807262,1124.383760035,0.1465220451],"16":[1751.376049757,1779.0125242472,0.1105225086]},"8":{"0":[2903.866096735,148.8905467391,0.1239956915],"1":[1928.3339686394,1403.9761480764,0.9799378514],"2":[2211.3267627954,1633.3280115128,0.9751765728],"3":[2114.4561896324,1528.2617213726,0.9303779602],"4":[1816.9484148026,1494.8855855465,0.3942562342],"5":[2253.5099834204,1608.4061083794,0.7905615568],"6":[3752.327978611,1170.8222087622,0.4200661778],"7":[1909.0685235262,1423.6007139683,0.934753716],"8":[1968.5331282616,1345.0482144356,0.9758332968],"9":[1793.3092250824,1240.7674190998,0.2932713628],"10":[1796.9219602346,1287.9832055569,0.9694774151],"11":[2048.4494969845,1522.9592086077,0.2902826667],"12":[3015.0235614777,557.3030041456,0.1893732846],